doc_id,Humano,Qwen_PB,Gemma_PB,Qwen_Reasoning,Gemma_Reasoning,clean_abstract
eaf6d52d5457,"PB1, PB5",PB1,None,"The abstract focuses on regional climate model simulations and their sensitivity to domain size and position. It discusses atmospheric phenomena such as low-level circulation and precipitation patterns over Central America, the western Caribbean Sea, and the eastern tropical Pacific. The study highlights issues with model representation of key regional precipitation patterns like mid-summer drought due to limitations in representing low-level circulation. These concepts are closely related to climate change research, particularly concerning the impact of human-driven alterations on regional climate systems.","The abstract is a technical study focused on the sensitivity of the RegCM4.4 regional climate model to domain size and physical parameterizations (e.g., boundary layer and cumulus schemes) in representing precipitation and circulation patterns in Central America. While the text mentions 'climate change' and 'climate impacts' as a contextual justification for the importance of the study region, the research itself does not investigate the drivers of climate change (such as GHG emissions or warming) or the consequences of these drivers, which are required to satisfy the Core Definition of PB1. Furthermore, the study does not address the specific triggers for any other boundary: it lacks aerosol/particulate data for PB9, does not discuss water withdrawals or depletion for PB5, and contains no mention of nutrient cycles (PB4), land-cover conversion (PB6), biodiversity (PB7), or synthetic substances (PB8). The scientific focus is on model configuration and numerical accuracy rather than the Earth-system processes defined by the Planetary Boundaries.","The sensitivity of regional climate model simulations to domain size and position is becoming increasingly important for generating reliable climate scenarios. In this study, the Cen- tral America CORDEX domain (CCA) at 50 km horizontal resolution with a relaxation zone of 10° around the boundaries (CCA+) was taken as the basis to increase domain size in the RegCM4.4 model. The low-level circulation and precipitation patterns over Central America, the western Caribbean Sea, and the eastern tropical Pacific do not show strong sensitivity to domain size changes for an area increment of 18, 32, and 52% with respect to the size of CCA+. The physical configuration in RegCM4.4 has a greater impact on the representation of relevant climate charac- teristics and atmospheric processes. Simulated 925 hPa winds over the Caribbean low-level jet (CLLJ) region show unrealistic winter and summer intensities, especially in July. Similar issues were found in other studies for the CCA domain, using different models and physical configura- tions. A reduction of the critical Richardson number in the selected planetary boundary layer scheme resulted in little change in the strength of the summer component of the CLLJ. The model simulations do not completely capture key regional precipitation patterns such as the mid- summer drought, due to limitations in adequately representing low-level circulation. However, simulations using the Grell cumulus parameterization perform relatively better than those using a mixed scheme (Grell over land−Emanuel over ocean). KEY WORDS: Regional climate model · Model sensitivity · Domain size · Parameterizations · CORDEX Central America · RegCM OPEN PEN ACCESS CCESS Clim Res 89: 61–83, 2022 (CLLJ; Amador 1998, 2008, Hidalgo et al. 2015, Amador et al. 2016a,b). The latter system is a recog- nized conveyor of moisture into Central America and the mid-latitudes (Mo et al. 2005, Cook & Vizy 2010, Durán-Quesada et al. 2010, 2017, Taylor et al. 2013). All the above atmospheric phenomena largely control regional precipitation variability at different temporal and spatial scales. Intraseasonal modes strong ly influence the distribution of precipi- tation and act as a seed for other tropical distur- bances (Serra et al. 2014). On larger temporal scales, Central America is a ‘hot spot’ for climate impacts (Giorgi 2006, Diffenbaugh & Giorgi 2012), and is one of the most vulnerable regions in the world to climate change. Some"
733ba5fc919b,"PB2, PB4, PB7",PB1,PB2,"The abstract discusses global warming and eutrophication leading to hypoxia and acidification in coastal waters. It mentions pH levels and oxygen concentrations, which are directly related to ocean acidification (PB2). However, the exclusion rule for PB2 states that it should not be assigned unless acidity, pH decline or carbonate chemistry effects are explicitly mentioned. While the abstract discusses pH changes, it does not specifically mention ocean acidification, carbonate chemistry, or explicit terms like 'acidified conditions'. Therefore, although there is a strong thematic connection to PB2, the exclusion rule prevents its assignment.","The abstract focuses on the chemical relationship between pH and O2 in coastal waters, specifically mentioning 'acidification in the oceans' and 'eutrophic acidification'. This directly activates the core definition of PB2 (Ocean Acidification), which concerns changes in ocean pH. While the text mentions 'global warming' (PB1) and 'eutrophication' (PB4) as drivers, the primary scientific investigation is the monitoring of pH and oxygen levels in an estuarine environment, making PB2 the most precise and highest-similarity match. The study does not focus on nutrient loading/flows (PB4) or climate mitigation/emissions (PB1) as its primary subject.","With global warming and eutrophication prompting increases in hypoxia and acidification in the oceans, it is important to understand the relationship between pH and O2 in coastal waters. In Huntington Bay (HB), an estuarine extension of western Long Island Sound, a region subject to both hypoxia and eutrophic acidification, summertime pH and O2 are elevated in surface water during the day at the height of photosynthesis. The high pH (8.4 - 8.6) and O2 (10 - 16 mg L-1) water may be exported from HB into the adjacent Sound, mitigating conditions there. The effects of nighttime respiration, seasonal variations, and responses to episodic events such as storms remain to be determined. I."
958e8ae09926,"PB1, PB4, PB7",PB1,PB7,"The abstract discusses how warming alters expressions of microbial functional genes important to ecosystem functioning. This directly relates to human-driven alteration of the climate system through greenhouse gas emissions and associated warming, which is the core definition of PB1 (Climate Change). The term 'warming' in the context provided clearly indicates a direct link to climate change impacts on ecosystems.","The abstract focuses on the impact of 'Warming' on 'Microbial Functional Genes' and 'Ecosystem Functioning'. While 'Warming' is a core term for PB1 (Climate Change), the research subject is not the alteration of the climate system itself (the driver), but rather the biological and ecological response to that warming (the effect). The core of the research is the alteration of microbial genetic expression and its consequences for ecosystem processes. This aligns directly with the core definition of PB7 (Biosphere Integrity), which concerns the impact of environmental pressures on genetic/species diversity and ecosystem functioning. The paper is not a study of climate-driving mechanisms (PB1) but a study of the impact of temperature on the integrity of the biosphere (PB7).","ORIGINAL RESEARCH published: 06 May 2016 doi: 10.3389/fmicb.2016.00668 Edited by: Steve Brian Pointing, Auckland University of Technology, New Zealand Reviewed by: Sascha M. Krause, University of Washington, USA Asuncion de los Ríos, National Museum of Natural Sciences-CSIC, Spain *Correspondence: Jizhong Zhou jzhou@ou.edu Specialty section: This article was submitted to Terrestrial Microbiology, a section of the journal Frontiers in Microbiology Received: 04 November 2015 Accepted: 21 April 2016 Published: 06 May 2016 Citation: Xue K, Xie J, Zhou A, Liu F, Li D, Wu L, Deng Y, He Z, Van Nostrand JD, Luo Y and Zhou J (2016) Warming Alters Expressions of Microbial Functional Genes Important to Ecosystem Functioning."
0866b31f11c4,PB1,PB1,None,"The abstract discusses the use of weird fiction to address anxieties generated by the current ecological crisis, particularly focusing on climate change. The term 'climate crisis' directly aligns with PB1's core definition and UPV context related to climate change.","The abstract is a work of literary criticism analyzing the 'weird fiction' genre and its thematic relationship to the 'ecological crisis' and 'climate crisis'. While the terms 'ecological crisis' and 'climate crisis' are present, they are used to describe the subject matter of the literature being studied, not to present scientific research into greenhouse gas emissions, warming, or climate impacts (PB1). Similarly, the mention of the 'nonhuman world' does not meet the activation criteria for Biosphere Integrity (PB7), as it lacks explicit scientific discussion of biodiversity loss, species decline, or ecosystem integrity. The paper contains no scientific investigation into any of the defined Planetary Boundaries.","Originating in the works of early 20th-century authors such as H. P. Lovecraft and Algernon Blackwood, weird fiction is experiencing a renaissance in contemporary literature. Several scholars have presented this literary mode as uniquely suited to speak to the anxieties generated by the current ecological crisis. In this essay, we examine Jeff VanderMeer’s Dead Astronauts (2019) as part of a wave of recent works that mark a sharp departure from the immersive strategies with which weird fiction is typically associated. We argue that this encounter between the weird and the “meta” is particularly effective in bringing out the strange entanglement of human societies and the nonhuman world in times of climate crisis, and serves as a powerful model for future iterations of the weird."
5b69b4b177c8,PB3,None,PB3,"The abstract focuses on high-resolution ozone measurements and the development of a database for assessing ozone fields from chemistry-climate model simulations. While it discusses stratospheric ozone, which is related to PB3 (Stratospheric Ozone Depletion), the primary focus is on measurement and modeling rather than addressing depletion or mitigation strategies. The core definition of PB3 involves thinning of the stratospheric ozone layer due to ozone-depleting substances, but this abstract does not discuss such substances or their impacts. Therefore, while there is a thematic connection, it does not meet the activation logic for PB3.","The abstract describes the development of a high-resolution database for ozone measurements, including ozone number densities, mixing ratios, and total column ozone, specifically for use in stratospheric chemistry and chemistry-climate model simulations. The core subject is the measurement and characterization of the ozone layer. This aligns directly with the core definition of PB3 (Stratospheric Ozone Depletion), which concerns the ozone layer. While the abstract does not explicitly mention 'depletion' or 'CFCs', it explicitly focuses on 'stratospheric chemistry' and 'ozone measurements', which are core ozone-layer terms. PB1 is excluded because, although 'climate models' are mentioned, the research focus is on ozone chemistry rather than greenhouse gas emissions, warming, or mitigation. PB9 is excluded because there is no mention of aerosols or particulates.",". High vertical resolution ozone measurements from eight diﬀerent satellite-based instruments have been merged with data from the global ozonesonde network to calculate monthly mean ozone values in 5◦ latitude zones. These “Tier 0” ozone number densities and ozone mixing ratios are provided on 70 altitude levels (1 to 70 km) and on 70 pressure levels spaced ∼1 km apart (878.4 hPa to 0.046 hPa). The Tier 0 data are sparse and do not cover the entire globe or altitude range. To provide a gap-free database, a least squares regression model is ﬁtted to the Tier 0 data and then evaluated globally. The regression model ﬁt coeﬃcients are expanded in Legendre polynomials to account for latitudinal structure, and in Fourier series to account for seasonality. Regression model ﬁt coeﬃcient patterns, which are two dimensional ﬁelds indexed by latitude and month of the year, from the N-th vertical level serve as an initial guess for the ﬁt at the N + 1-th vertical level. The initial guess ﬁeld for the ﬁrst ﬁt level (20 km/58.2 hPa) was derived by applying the regression model to total column ozone ﬁelds. Perturbations away from the initial guess are captured through the Legendre and Fourier expansions. By applying a single ﬁt at each level, and using the approach of allowing the regression ﬁts to change only slightly from one level to the next, the regression is less sensitive to measurement anomalies at individual stations or to individual satellite-based instruments. Particular attention is paid to ensuring that the low ozone abundances in the polar regions are captured. By summing diﬀerent combinations of contributions from diﬀerent regression model basis functions, four diﬀerent “Tier 1” databases have been compiled for diﬀerent intended uses. This database is suitable for assessing ozone ﬁelds from chemistry–climate model simulations or for providing the ozone boundary conditions for global climate model simulations that do not treat stratospheric chemistry interactively."
3159c4d063f0,"PB1, PB4",PB1,PB4,"The abstract discusses the impact of changes in Indian monsoon wind intensity on oxygen minimum zones (OMZs) in the Arabian Sea. It focuses on biogeochemical cycles, particularly nitrogen and carbon cycles, which are influenced by climate change-induced warming. The core concepts include global warming, ocean deoxygenation, productivity changes, and deepening of OMZs due to increased biological consumption and ventilation. While these topics touch upon PB2 (Ocean Acidification) and PB4 (Biogeochemical Flows), the strongest overlap is with PB1 (Climate Change) because it explicitly mentions global warming as a driver for ocean deoxygenation and discusses its impacts on biogeochemical cycles, which are exacerbated by climate change. The abstract does not violate any exclusion rules for PB1.","The abstract focuses on the intensification of the Arabian Sea's oxygen minimum zone (OMZ) and its impact on biogeochemical cycles. Specifically, it highlights the 'intensification of denitrification at depth' and the 'substantial amplification of fixed nitrogen depletion'. This directly aligns with the core definition of PB4 (Biogeochemical Flows), which concerns the disruption of nitrogen and phosphorus cycles. While the abstract mentions 'global warming' and 'climate change' (potential PB1), the primary scientific investigation and the resulting findings are centered on the alteration of the nitrogen cycle and oxygen levels, making PB4 the most precise and highest similarity match. PB2 (Ocean Acidification) is excluded because there is no mention of pH or carbonate chemistry. PB7 (Biosphere Integrity) is excluded because, although ecological implications are mentioned, the core scientific driver discussed is the nutrient/nitrogen cycle disruption rather than species extinction or biodiversity loss.",". The decline in oxygen supply to the ocean as- sociated with global warming is expected to expand oxy- gen minimum zones (OMZs). This global trend can be at- tenuated or ampliﬁed by regional processes. In the Ara- bian Sea, the world’s thickest OMZ is highly vulnerable to changes in the Indian monsoon wind. Evidence from paleo- records and future climate projections indicates strong vari- ations of the Indian monsoon wind intensity over climatic timescales. Yet, the response of the OMZ to these wind changes remains poorly understood and its amplitude and timescale unexplored. Here, we investigate the impacts of perturbations in Indian monsoon wind intensity (from −50 to +50 %) on the size and intensity of the Arabian Sea OMZ, and examine the biogeochemical and ecological im- plications of these changes. To this end, we conducted a se- ries of eddy-resolving simulations of the Arabian Sea us- ing the Regional Ocean Modeling System (ROMS) coupled to a nitrogen-based nutrient–phytoplankton–zooplankton– detritus (NPZD) ecosystem model that includes a represen- tation of the O2 cycle. We show that the Arabian Sea pro- ductivity increases and its OMZ expands and deepens in response to monsoon wind intensiﬁcation. These responses are dominated by the perturbation of the summer monsoon wind, whereas the changes in the winter monsoon wind play a secondary role. While the productivity responds quickly and nearly linearly to wind increase (i.e., on a timescale of years), the OMZ response is much slower (i.e., a timescale of decades). Our analysis reveals that the OMZ expansion at depth is driven by increased oxygen biological consumption, whereas its surface weakening is induced by increased ven- tilation. The enhanced ventilation favors episodic intrusions of oxic waters in the lower epipelagic zone (100–200 m) of the western and central Arabian Sea, leading to intermittent expansions of marine habitats and a more frequent alterna- tion of hypoxic and oxic conditions there. The increased pro- ductivity and deepening of the OMZ also lead to a strong intensiﬁcation of denitriﬁcation at depth, resulting in a sub- stantial ampliﬁcation of ﬁxed nitrogen depletion in the Ara- bian Sea. We conclude that changes in the Indian monsoon can affect, on longer timescales, the large-scale biogeochem- ical cycles of nitrogen and carbon, with a positive feedback on climate change in the case of stronger winds. Additional potential changes in large-scale ocean ventilation and strati- ﬁcation may affect the sensitivity of the Arabian Sea OMZ to monsoon intensiﬁcation."
da697160487b,"PB3, PB9",PB9,None,"The abstract discusses atmospheric transport of trace gases and aerosols in relation to model simulations for chemistry-climate interactions. The core concepts involve the distribution of air pollutants, radiatively active compounds, and the impact of geographical resolution on tracer transport. While this touches upon climate-related topics, it does not explicitly mention greenhouse gas emissions or warming impacts which are necessary for PB1 activation. However, the closest match is with PB9 due to its focus on atmospheric aerosol loading and particulate matter.","The abstract describes a study on the sensitivity of the ECHAM5 general circulation model's resolution to the transport of idealized tracers (gases and aerosols) in the atmosphere. While the text mentions 'aerosols' and 'radiatively active compounds,' it does not meet the strict activation criteria for any Planetary Boundary. For PB1 (Climate Change), the paper focuses on model transport mechanics rather than human-driven emissions, warming, or mitigation. For PB9 (Atmospheric Aerosol Loading), the paper discusses the transport of aerosols but does not address the 'increase' in aerosol particles from human activity or the resulting impacts on air quality or climate patterns. For PB3 (Stratospheric Ozone Depletion), there is no mention of ozone-depleting substances or the ozone layer itself. For PB8 (Novel Entities), the tracers used are 'idealized' and not identified as specific synthetic or persistent substances. Therefore, no PB can be assigned under the strict exclusion and activation rules.",". Atmospheric transport of traces gases and aerosols plays an important role in the distribution of air pollutants and radiatively active compounds. For model simulations of chemistry-climate interactions it is important to know how the transport of tracers depends on the geographical reso- lution of the general circulation model. However, this as- pect has been scarcely investigated until now. Here, we analyse tracer transport in the ECHAM5 general circulation model using 6 independent idealized tracers with constant lifetimes, which are released in two different altitudes at the surface and in the stratosphere, respectively. Model resolu- tions from T21L19 to T106L31 were tested by performing multi-annual simulations with prescribed sea surface temper- atures and sea ice ﬁelds of the 1990s. The impacts of the tracer lifetime were investigated by varying the globally uni- form exponential decay time between 0.5 and 50 months. We also tested the inﬂuence of using prescribed meteorological ﬁelds (ERA40) instead of climatological sea surface temper- ature and sea ice ﬁelds. Meridional transport of surface trac- ers decreases in the coarse resolution model due to enhanced vertical mixing, with the exception of the advection into the tropical region, which shows an inconsistent trend between the resolutions. Whereas, the meridional transport of tracers released in the stratosphere was enhanced with higher model resolutions, except in the transport from tropical stratosphere to the Southern Hemisphere, which exhibits an increase trend with increasing model resolution. The idealized tracers ex- hibit a seasonal cycle, which is modulated by the tracer life- time. In comparison to the run with prescribed sea surface temperature and sea ice ﬁelds, the simulation with prescribed Correspondence to: A. M. Aghedo (adetutu.m.aghedo@jpl.nasa.gov) meteorological ﬁelds did not exhibit signiﬁcant change in the meridional transport, except in the exchange of strato- spheric tracers between both hemispheres, where it causes about 100% increase. The import of the surface tracers into the stratosphere is increased by up to a factor of 2.5, and the export from the stratosphere into the troposphere was in- creased by up to 60% when prescribed meteorological ﬁelds is used. The ERA40 simulation also showed larger interan- nual variability (up to 24% compared to 12% in the standard simulations). Using our surface tracers released in either the northern or Southern Hemisphere, respectively, we calculate inter-hemispheric transport times between 11 and 17 months, consistent with values reported in the literature. While this study cannot be used to relate differences in model results to speciﬁc changes in transport processes, it nevertheless pro- vides some insight into the characteristics of tracer transport in the widely used ECHAM5 general circulation model."
9153f4dcf3d6,PB1,PB1,None,"The abstract discusses simulations of severe weather events in the context of climate change. It mentions the Weather Research and Forecasting Model (WRF) used to study these phenomena, which is directly related to understanding and predicting changes in the climate system due to human activities. The core concepts include climate change impacts on severe weather events, model simulations for studying climate-related phenomena, and evaluation against observational data. These align closely with PB1's focus on human-driven alteration of the climate system through greenhouse gas emissions and associated warming.","The abstract is a technical meteorological study focused on evaluating the accuracy of the WRF model in simulating a specific extreme weather event (a derecho). While the text mentions 'the era of changing climate' as a contextual preamble, it does not discuss the drivers of climate change (such as greenhouse gas emissions or anthropogenic forcing) or the specific impacts of climate change on the Earth system, which are required to satisfy the activation and exclusion rules for PB1. The mention of 'extreme precipitation' and 'wind gusts' refers to the phenomena being simulated, not to freshwater withdrawal, depletion, or water resource management, which are required to activate PB5. No other planetary boundaries (e.g., aerosols, biodiversity, or nutrients) are addressed in the text.",". Precise simulations of severe weather events are a challenge in the era of changing climate. By performing simulations correctly and accurately, these phenomena can be studied and better understood. In this paper, we have verified how different initial and boundary conditions affect the quality of simulations performed using the Weather Research and Forecasting Model (WRF). For our analysis, we chose a derecho event that occurred in Poland on 11 August 2017, the most intense and devastating event in recent years. High-resolution simulations were conducted with initialization at 00 and 12 UTC (11 August 2017) using initial and boundary conditions derived from the four global models: Global Forecast System (GFS) from the National Centers for Environmental Prediction (NCEP), Integrated Forecast System (IFS) developed by the European Center for Medium-Range Weather Forecasts (ECMWF), Global Data Assimilation System (GDAS) and ERA5. For the last, we made separate calculations using data at the pressure and model levels. The results were evaluated against surface and radar data. We found that the simulations that used data from the GDAS and GFS models at 12 UTC were the more accurate, while ERA5 gave the worst predictions. However, all models were characterized by a low probability of detection and a high number of false alarms for simulations of extreme precipitation and wind gusts."
2ea3de6be731,PB4,None,PB4,"The abstract focuses on the analysis of nitrogen and carbon isotopes in particulate organic matter (POM) from a coastal ecosystem. It discusses mechanisms controlling δ15N and δ13C values, which are related to nutrient utilization and primary production processes. While these topics touch upon biogeochemical cycles, particularly nitrogen cycling, there is no explicit mention of disruption or alteration of the nitrogen cycle due to human activity that would align with PB4's core definition. Similarly, none of the terms in the abstract match those specified for other PBs such as climate change (PB1), ocean acidification (PB2), ozone depletion (PB3), freshwater use (PB5), land-system change (PB6), biosphere integrity (PB7), novel entities (PB8), or atmospheric aerosol loading (PB9).","The abstract focuses on the nitrogen and carbon cycles within a coastal ecosystem (Bay of Seine), specifically investigating the mechanisms of $\delta^{15}\text{N}$ and $\delta^{13}\text{C}$ in particulate organic matter. The text explicitly identifies the area as a 'nitrate- and ammonium-enriched ecosystem,' which directly relates to nutrient loading and the nitrogen cycle. This aligns with the core definition of PB4 (Biogeochemical Flows), which concerns the disruption of nitrogen and phosphorus cycles. While the study is primarily mechanistic, the explicit mention of nutrient enrichment provides the necessary link to the activation logic for PB4.","Two cruises (April and June 1997) were carried out in the Bay of Seine, a nitrate- and ammonium-enriched ecosystem of Western Europe, to identify the major mechanisms that control δ15N and δ13C in spring particulate organic matter (POM). Particulate organic nitrogen (PON) δ15N ranged between 0.8 and 5.2‰ in April and between 2.2 and 6.2‰ in June, while particulate organic carbon (POC) δ13C ranged between –24.3 and –19.7‰, and between –20.0 and –16.2‰ during the same periods. During spring 1997, POM was highly dominated by autochthonous phytoplankton. It is shown that the variation of PON δ15N is due to both nitrate mixing between river and marine waters and fractionation of N stable isotopes during nitrate utilization by phytoplankton. Therefore, similarly to what was previously shown for open ocean, δ15N can be used as a proxy of spring fractional nitrate utilization in coastal ecosystems. It is also shown that POC δ13C in spring is controlled by POC con- centration and C:N ratio (in addition to ‘temperature effects’), which are considered here as indica- tors of primary production and phytoplankton degradation, respectively. The co-variation of δ13C and δ15N describes the spring phytoplankton dynamics: at the start of phytoplankton development, nitrate concentration is high (low δ15N) and phytoplankton production is low (low δ13C); then primary pro- duction increases (δ13C becomes higher) and the nitrate pool diminishes (δ15N becomes higher); at a later stage, the nitrate pool is depleted (high δ15N), part of the phytoplankton becomes degraded and production is still high (high δ13C). KEY WORDS: C and N stable isotopes · Phytoplankton · Coastal ecosystem · Nitrate utilization · Bay of Seine Resale or republication not permitted without written consent of the publisher Mar Ecol Prog Ser 255: 27–41, 2003 the food web (Fry & Sherr 1984, Peterson 1999). In marine systems (open ocean and coastal areas), phyto- plankton represents the major food source for primary consumers and constitutes the first biological step in the C and N cycles. Phytoplankton is therefore of major interest for biogeochemical studies. Phytoplankton δ13C and δ15N (hereafter δ13Cϕ and δ15Nϕ, respectively) vary widely throughout aquatic ecosystems (Gearing 1988, Wada & Hattori 1991, Hoefs 1997) due to numerous factors. The main steps leading to the phytoplankton isotope signature can be summarized as (Hayes 1993, Fry 1996): (1) the isotope ratios of the nutrient source (Owens 1987, Fry 1996), (2) the isotopic effects associated with nutrient assi- milation (O’Leary 1981, Fogel & Cifuentes 1993) and (3) the isotopic effects associated with biosynthesis (Descolas-Gros & Fontugne 1990, Wada & Hattori 1991, Riebesell 2000). Nutrient availability and iso- topic fractionation (ε; see ‘"
260cc6707374,"PB1, PB6, PB9",PB9,PB4,"The abstract discusses atmospheric deposition of dissolved organic matter (DOM) and its impact on the Mediterranean Sea. While it mentions climate change at the end, the primary focus is on aerosol loading and particulate matter from Saharan dust events. The study does not explicitly discuss greenhouse gases, warming, or direct climate impacts, which are necessary for PB1 activation. However, the core concepts align closely with PB9's definition of atmospheric aerosol loading due to human activity affecting air quality and regional climate patterns.","The abstract focuses on quantifying the atmospheric deposition of Dissolved Organic Matter (DOM), specifically identifying the contributions of Dissolved Organic Nitrogen (DON) and Dissolved Organic Phosphorus (DOP) to the Mediterranean Sea. The study explicitly measures the flux and loading of Nitrogen (N) and Phosphorus (P) species. According to the PB4 activation logic, the presence of explicit N and P nutrient loading/flows justifies the assignment. While the study mentions Saharan dust (an aerosol) and the potential impact of climate change on deposition patterns, PB9 is excluded because the study does not focus on the increase in aerosol particles or air quality, and PB1 is excluded because the study does not focus on greenhouse gas emissions, warming, or mitigation, but rather on the transport of nutrients via natural dust.",". Atmospheric ﬂuxes of dissolved organic matter (DOM) were studied for the ﬁrst time on the island of Lampedusa, a remote site in the central Mediterranean Sea (Med Sea), between 19 March 2015 and 1 April 2017. The main goals of this study were to quantify total atmospheric deposition of DOM in this area and to evaluate the impact of Saharan dust deposition on DOM dynamics in the sur- face waters of the Mediterranean Sea. Our data show high variability in DOM deposition rates without a clear season- ality and a dissolved organic carbon (DOC) input from the atmosphere of 120.7 mmol DOC m−2 yr−1. Over the entire time series, the average dissolved organic phosphorus (DOP) and dissolved organic nitrogen (DON) contributions to the total dissolved pools were 40 % and 26 %, respectively. The data on atmospheric elemental ratios also show that each de- position event is characterized by a speciﬁc elemental ratio, suggesting a high variability in DOM composition and the presence of multiple sources. This study indicates that the organic substances transported by Saharan dust on Lampe- dusa mainly come from a natural sea spray and that Saha- ran dust can be an important carrier of organic substances even though the load of DOC associated with dust is highly variable. Our estimates suggest that atmospheric input has a larger impact on the Med Sea than on the global ocean. Fur- ther, DOC ﬂuxes from the atmosphere to the Med Sea can be up to 6 times larger than total river input. Longer time series combined with modeling would greatly improve our under- standing of the response of DOM dynamics in the Med Sea to the change in aerosol deposition pattern due to the effect of climate change."
7e7db277fd49,"PB1, PB6, PB9",None,PB9,"The abstract primarily discusses sulfur dioxide (SO2) emissions and their impact on air quality and atmospheric chemistry. While it mentions health impacts and particulate matter formation, the core focus is on emission trends, retrieval methods for SO2 columns from satellite data, and comparisons with bottom-up inventories. The closest match to this content within the PB framework would be PB1 (Climate Change) due to its broad context of greenhouse gas emissions and climate impact language. However, the exclusion rule for PB1 states that it should not be assigned unless there is explicit mention of emissions, carbon, warming or climate impacts. Since the abstract does not explicitly discuss these terms in relation to climate change, PB1 cannot be assigned.","The abstract focuses on the estimation and trends of SO2 emissions using satellite data. While the instrument used is the 'Ozone Monitoring Instrument', the subject of the study is sulfur dioxide (SO2) and its role as a precursor to sulfate aerosols, not the depletion of the stratospheric ozone layer (which excludes PB3). The abstract explicitly discusses the chemical pathway where SO2 is oxidized to form sulfuric acid, which then contributes to 'particulate sulfate' and 'particulate matter with aerodynamic diameter less than 2.5 μm (PM2.5)', and notes its role in 'aerosol mass'. This provides the explicit link to aerosol particles and particulate matter required by the PB9 activation logic. Other PBs like PB1 (Climate Change) are not the primary focus, as the paper does not discuss greenhouse gas-driven warming or mitigation, and PB8 (Novel Entities) is not applicable because SO2 is a well-known inorganic pollutant rather than a synthetic or newly engineered 'novel entity'.","SO2 column densities from Ozone Monitoring Instrument provide important information on emission trends and missing sources, but there are discrepancies between different retrieval products. We employ three Ozone Monitoring Instrument SO2 retrieval products (National Aeronautics and Space Administration (NASA) standard (SP), NASA prototype, and BIRA) to study the magnitude and trend of SO2 emissions. SO2 column densities from these retrievals are most consistent when viewing angles and solar zenith angles are small, suggesting more robust emission estimates in summer and at low latitudes. We then apply a hybrid 4D‐Var/mass balance emission inversion to derive monthly SO2 emissions from the NASA SP and BIRA products. Compared to HTAPv2 emissions in 2010, both posterior emission estimates are lower in United States, India, and Southeast China, but show different changes of emissions in North China Plain. The discrepancies between monthly NASA and BIRA posterior emissions in 2010 are less than or equal to 17% in China and 34% in India. SO2 emissions increase from 2005 to 2016 by 35% (NASA)–48% (BIRA) in India, but decrease in China by 23% (NASA)–33% (BIRA) since 2008. Compared to in situ measurements, the posterior GEOS‐Chem surface SO2 concentrations have reduced NMB in China, the United States, and India but not in South Korea in 2010. BIRA posteriors have better consistency with the annual growth rate of surface SO2 measurement in China and spatial variability of SO2 concentration in China, South Korea, and India, whereas NASA SP posteriors have better seasonality. These evaluations demonstrate the capability to recover SO2 emissions using Ozone Monitoring Instrument observations. 1. Introductions Sulfur dioxide (SO2) is a reactive gas‐phase, air pollutant. Exposure to SO2 affects human health by increasing respiratory (Chen et al., 2007; Chen et al., 2012; Clark et al., 2010; Ranzi et al., 2014; Rodriguez‐Villamizar et al., 2015) and cardiovascular morbidity (Chen et al., 2012). In the atmosphere, SO2 is predominantly oxidized by reactions with the OH radical in the gas phase, or by hydrogen peroxide (H2O2) and ozone (O3) in the aqueous phase to form sulfuric acid, the latter which can lead to acid rain formation and particulate sulfate (Seinfeld & Pandis, 2006). Sulfate is a key component of particular matter with aerodynamic diameter less than 2.5 μm (PM2.5) and comprises 10%–67% of aerosol mass in the midlatitude Northern Hemisphere (Zhang et al., 2007). Exposure to ambient PM2.5 is estimated to cause 4.2 million premature deaths in 2015 (Cohen et al., 2017). SO2 also leads to the formation of haze that decreases visibility (Haagen‐Smit, 1952). The primary anthropogenic sources of SO2 are combustion of fossil fuels and smelters (Kato & Akimoto, 1992; Arndt et al., 1997; Garg et al., 2001; Serbula et al., 2015). Major natural SO2 sources are oxidation of biogenic dimethyl sulﬁde (Davis et al., 1999) and volcanic eruptions (Carn et al., 2015; Ge et al., 2016; Graf et al., 1997). Bottom‐up anthropogenic SO2 emission inventories from MACC/CityZEN (MACCity, http://ether.ipsl.jussieu.fr/eccad), Emissions Database for Global Atmospheric Research (EDGAR; http://edgar.jrc.ec.europa.eu/), the Greenhouse Gas and Air Pollution Interactions and Synergies (GAINS, https://gains.iiasa.ac.at/gains/),REanalysis of the TROpospheric chemical composition ©2019. The Authors. This is an open access article under the terms of the Creative Commons Attribution‐NonCommercial‐NoDerivs License, which permits use and distri- bution in any medium, provided the original work is properly cited, the use is non‐commercial and no modiﬁca- tions or adaptations are made. RESEARCH ARTICLE 10.1029/2019JD030243 Key Points: • SO2 retrievals are most consistent when VZA and SZA are small; treatment of cloud and radiative transfer can cause differences up to 4 DU • Top‐down SO2 emissions are more robust between NASA and BIRA retrievals in China and India where SO2 concentrations are high • SO2 emissions continuously increase in India from 2005 to 2017 but start to decrease in China from 2008 Supporting Information: • Supporting Information S1 Correspondence to: Z. Qu, zhen.qu@colorado.edu Citation: Qu, Z., Henze, D. K., Li, C., Theys, N., Wang, Y., Wang, J., et al. (2019). SO2 emission estimates using OMI SO2 retrievals for 2005–2017. Journal of Geophysical Research: Atmospheres, 124, 8336–8359. https://doi.org/ 10.1029/2019JD030243 Received 7 JAN 2019 Accepted 2 JUL 2019 Accepted article online 9 JUL 2019 Published online 31 JUL 2019 QU ET AL. 8336 over the past 40 years (RETRO, http://accent.aero.jussieu.fr/RETRO_metadata.php), and Hemispheric Transport of Air Pollution (HTAP, Janssens‐Maenhout et al., 2015) have tracked the magnitude and trend of global SO2 emissions from human activities over the past decades. Bottom‐up inventories show a decrease of SO2 due to emission regulation in the United States (de Gouw et al., 2014), China (Liu et al., 2015), and Europe (Crippa et al., 2016), which also contributes to the decline of sulfate and organic aerosol concentra- tions (Geng et al., 2017; Marais et al., 2017; Paulot et al., 2016). However, SO2 emissions in India are still on the rise, and will likely continue to increase during the 2020–2050 period if emissions remain unregulated, driven by the growth of electricity demand and industrial production (Venkataraman et al., 2018). Although the bottom‐up inventories provide important information on the magnitude and trend of SO2 emissions, they may have systematic bias and their availability lags in time. For instance, the National Emission Inventories for the United States is released every three years; the most comprehensive anthropogenic emis- sion inventory for China, Multi‐resolution Emission Inventory (MEIC), has only been released for 2008, 2010, and 2012. In addition, uncertainties in bottom‐up SO2 emissions can be signiﬁcant—in Asia up to 35% (Kurokawa et al., 2013; Lu et al., 2011; Zhang et al., 2009; Zhao et al., 2011). Total SO2 emission esti- mates in Asia differ by 29% between MIX and EDGAR inventories; the discrepancies are even larger on a regional scale and when considering individual sectors (Li, Zhang, et al., 2017; Saikawa et al., 2017). Over the past two decades, retrievals of SO2 columns from satellite remote sensing instruments have pro- vided important information about SO2 sources (Burrows et al., 1999; Eisinger & Burrows, 1998; Fioletov et al., 2015; Krueger, 1983) and more timely updates on SO2 magnitudes and trends compared to bottom‐ up inventories (Krotkov et al., 2016; Li, McLinden, et al., 2017; Wang et al., 2016; Zhang et al., 2017). These instruments include the Total Ozone Mapping Spectrometer, Global Ozone Monitoring Experiment (GOME), GOME‐2, SCanning Imaging Absorption SpectroMeter for Atmospheric CHartographY (SCIAMACHY), Ozone Monitoring Instrument (OMI), and Ozone Mapping and Proﬁler Suite (OMPS). Among these instruments, OMI distinguishes itself by having the ﬁnest spatial resolution (footprint of 13 km × 24 km at nadir) and daily global coverage (Levelt et al., 2006). Its SO2 retrievals have been demonstrated to have better performance in detecting smaller sources than SCIAMACHY and GOME‐2 (Fioletov et al., 2013). There are two SO2 column retrieval products available for OMI. The National Aeronautics and Space Administration (NASA) product employs a Principal Component Analysis (PCA) approach, whereas the Belgian Institute for Space Aeronomy (BIRA‐IASB) product uses the Differential Optical Absorption Spectroscopy (DOAS) algorithm (Platt & Stutz, 2008). The two products have been compared and evaluated in Theys et al. (2015). Although both algorithms show comparable SO2 column over industrialized and populated areas, the BIRA product has generally larger values than the NASA product, with a mean differ- ence of 0.2 Dobson unit (DU; 1 DU = 2.69 × 1016 molec/cm2; Theys et al., 2015). SO2 satellite observations from different instruments have also been shown to have different magnitudes, especially over China. For instance, Fioletov et al. (2013) found similar mean SO2 column concentrations from OMI (using a previous version of the NASA product (Krotkov et al., 2006)), SCIAMACHY, and GOME‐2 retrievals at locations close to SO2 sources, but the magnitude of SO2 columns from the latter two instruments are ~1.5 times larger than the OMI NASA retrieval over parts of China. Yang et al. (2013) found that OMI SO2 columns, calculated using a linear ﬁt algorithm (Yang et al., 2007), are mostly smaller than OMPS data in China, with the largest OMPS SO2 column being 1.65 DU in China, whereas the OMI linear ﬁt value was only 0.8 DU at the same location. Another comparison of OMPS (Yang et al., 2013) with BIRA products over East China shows that OMPS SO2 is a factor of 2 to 4 lower in January of 2013 (Theys et al., 2015). Differences in SO2 retrievals can propagate into posterior emissions derived using these observations. For instance, using the OMI NASA SO2 product (PCA algorithm), Wang et al. (2016) estimated posterior anthropogenic SO2 emissions in China to be 843 Gg/S in April 2008, whereas Koukouli et al. (2018) obtained a posterior SO2 emission of ~1,542 Gg/S for the same month using the OMI BIRA product. The magnitude of posterior SO2 emissions in Wang et al. (2016) is more consistent with another posterior estimates of 815 Gg/S constrained by MODIS AOD observations for April 2008 (Xu et al., 2013). However, the magnitude of posterior SO2 emissions constrained by the BIRA product is closer to prior emissions from INTEX‐B (Wang et al., 2016; Xu et al., 2013). Differences in the emission estimate"
edcffe92f4f7,"PB6, PB7, PB9",None,PB9,"The abstract focuses on the chemical composition and sources of airborne particulate matter (PM10 and PM2.5) in urban environments across Spain, emphasizing trace metal content and its variability between different towns. The core concepts include aerosol loading, particulate matter, air quality, and pollution sources. These terms align closely with PB9's Core Definition and UPV Context, which includes urban air quality, traffic emissions, combustion aerosols, industrial particulates, and exposure assessment. However, the abstract does not explicitly mention particulate or aerosol mechanisms, which are critical for activating PB9 according to its Activation Logic.","The abstract focuses on the concentration and chemical composition of PM10 and PM2.5 (particulate matter) across several Spanish cities. It explicitly uses terms such as 'inhalable ambient airborne particles', 'urban aerosol', and 'aerosols'. This aligns directly with the core definition of PB9 (Atmospheric Aerosol Loading), which concerns the increase in atmospheric aerosol particles. The abstract also identifies specific sources like traffic emissions and industrial influence, which reinforces the match. PB1 is excluded because there is no mention of greenhouse gases or climate warming. PB8 is excluded because the focus is on the aerosol particles themselves rather than the introduction of a novel or synthetic substance into the Earth system. PB9 is the most precise and scientifically accurate match.","The majority of the Spanish urban population breathes air containing inhalable ambient airborne particles at average concentrations of 30-46 µg m-3 (PM10) and 20-30 µg m-3 (PM2.5). Even though the average weight of inhaled urban aerosol is commonly similar, however, there can be large chemical differences between the ambient dusts from different towns, including the more bioreactive elements such as some metals. In this context we compare the source apportioned trace metal content of airborne PM10 and PM2.5 collected daily over a one-year period from six population centres in Spain: Barcelona, Alcobendas, Llodio, Huelva, Tarragona, and Las Palmas de Gran Canaria. Total average trace metal (ΣTM) PM10 and PM2.5 contents vary by up to a factor of around 3, reaching a maximum of ΣTM10 811 ng m-3 and ΣTM2.5 503 ng m-3 at Llodio, an industrial but humid site with the lowest PM10 mass levels but high contamination by Zn, Pb, Mn, Sn, Ni and Cr. In contrast, pollution at Huelva, although another ∗Corresponding author. Phone: +34934095410, fax: +34934110012. e-mail: tmoreno@ija.csic.es 2 industrially influenced site, instead emphasises Cu and As, whereas Barcelona, where traffic emissions and resuspension contribute to some of the highest average PM10 levels in Spain, has unusually raised levels of Ti, V and Ba. Such variations in both daily and annual average PM bulk chemistry, particularly in potentially toxic trace metals concentrated in the finer aerosols (such as Cd, As, Pb, Hg, and Ni) predict that PM health effects on resident populations from different towns are unlikely to be the same."
08f457a29ab7,"PB1, PB6, PB9",None,PB9,"The abstract discusses measurements of reactive halogen species and aerosol components in the marine boundary layer. While it mentions air quality indicators such as black carbon, NOx, O3, and dust concentrations, these are not explicitly linked to climate change or greenhouse gas emissions. The focus is on atmospheric chemistry and aerosols rather than their impact on climate systems.","The abstract focuses on the measurement and characterization of atmospheric components in the Marine Boundary Layer, specifically identifying 'aerosol species', 'dust concentrations', and 'black carbon'. According to the PB9 (Atmospheric Aerosol Loading) activation logic, the presence of explicit aerosol and particulate terms (such as dust and black carbon) is sufficient for activation. While the abstract mentions 'anthropogenic components' and 'O3', it does not explicitly discuss stratospheric ozone depletion (PB3) or climate warming/mitigation (PB1) as the primary subject, thus failing the strict exclusion rules for those categories. PB9 is the most precise match because the study's core scientific focus is the distribution and composition of aerosol particles.",". The NERC UK SOLAS-funded Reactive Halo- gens in the Marine Boundary Layer (RHaMBLe) programme comprised three ﬁeld experiments. This manuscript presents Correspondence to: G. McFiggans (g.mcﬁggans@manchester.ac.uk) an overview of the measurements made within the two simul- taneous remote experiments conducted in the tropical North Atlantic in May and June 2007. Measurements were made from two mobile and one ground-based platforms. The heav- ily instrumented cruise D319 on the RRS Discovery from Lisbon, Portugal to S˜ao Vicente, Cape Verde and back to Fal- mouth, UK was used to characterise the spatial distribution Published by Copernicus Publications on behalf of the European Geosciences Union. 1032 J. D. Lee et al.: Remote RHaMBLe overview of boundary layer components likely to play a role in reac- tive halogen chemistry. Measurements onboard the ARSF Dornier aircraft were used to allow the observations to be interpreted in the context of their vertical distribution and to conﬁrm the interpretation of atmospheric structure in the vicinity of the Cape Verde islands. Long-term ground-based measurements at the Cape Verde Atmospheric Observatory (CVAO) on S˜ao Vicente were supplemented by long-term measurements of reactive halogen species and characterisa- tion of additional trace gas and aerosol species during the intensive experimental period. This paper presents a summary of the measurements made within the RHaMBLe remote experiments and discusses them in their meteorological and chemical context as deter- mined from these three platforms and from additional mete- orological analyses. Air always arrived at the CVAO from the North East with a range of air mass origins (European, Atlantic and North American continental). Trace gases were present at stable and fairly low concentrations with the ex- ception of a slight increase in some anthropogenic compo- nents in air of North American origin, though NOx mixing ratios during this period remained below 20 pptv (note the non-IUPAC adoption in this manuscript of pptv and ppbv, equivalent to pmol mol−1 and nmol mol−1 to reﬂect common practice). Consistency with these air mass classiﬁcations is observed in the time series of soluble gas and aerosol compo- sition measurements, with additional identiﬁcation of periods of slightly elevated dust concentrations consistent with the trajectories passing over the African continent. The CVAO is shown to be broadly representative of the wider North Atlantic marine boundary layer; measurements of NO, O3 and black carbon from the ship are consistent with a clean Northern Hemisphere marine"
bb87293d7644,"PB1, PB3, PB7",PB1,None,"The abstract discusses global climate change governance and its evolution over time. It focuses on theoretical debates, conceptual innovations, empirical findings, and normative aspects of climate governance. The core concepts include 'climate governance', 'bottom-up nature of climate governance', 'governance architectures', and 'normative turn'. These terms are closely related to the management and policy responses to climate change, which aligns with PB1's focus on human-driven alteration of the climate system through greenhouse gas emissions and associated warming. The abstract does not mention specific technical or methodological details but rather focuses on governance aspects that aim to mitigate climate impacts.","The abstract focuses on the theoretical, legal, and structural aspects of 'global climate change governance,' specifically discussing governance architectures, public-private interactions, and normative shifts toward justice and legitimacy. While the term 'climate change' and 'climate emergency' are present, the text does not discuss the physical drivers of the boundary (such as greenhouse gas emissions or warming) nor the physical impacts of the climate system's alteration. According to the PB1 activation logic, applied terms only reinforce when they co-occur with emissions, greenhouse gases, warming, mitigation, or climate-impact language. Furthermore, the PB1 exclusion rule prohibits assigning the code to generic sustainability or policy papers unless the physical drivers or impacts are explicit. Since this is a social science/governance study and lacks the required scientific/physical components, no PB can be assigned.","Research on global climate change governance is no longer primarily concerned with the international legal regime, state practice and its outcomes, but rather scrutinizes the intri- cate interactions between the public and the private in governing climate change. This broad trend has also taken center stage within the pages of INEA. Two decades after its establishment, we sketch the main theoretical debates, conceptual innovations and empiri- cal findings on global climate change governance and survey the new generation of climate governance scholarship. In more detail, we sketch how climate governance research has developed into three innovative sub-debates, building on important conceptualizations and critical inquiries of earlier debates. Our aim is not so much to provide an all-encompassing assessment of global climate change governance scholarship in 2022, but rather to illus- trate in what important ways current research is different from research in the early phase of INEA, and what we have learned in the process. First, we discuss scholarship on the bottom-up nature of climate governance, developing from earlier ideas on agency beyond the state and the transnationalization of governance arenas. Second, we review contribu- tions that have more systematically engaged with the concept of governance architectures, resulting in a stimulating new academic debate on the characteristics of complex govern- ance systems and the consequences of governance complexity and fragmentation. Third, we note a distinct normative turn in global environmental scholarship in general and global climate governance in particular, associated with question of access, accountability, allo- cation, fairness, justice and legitimacy. The assessment of each of these debates is cen- tered around questions of effective and legitimate climate governance to counter the cli- mate emergency. Finally, as a way of concluding, we critically reflect on our own scholarly shortcomings and suggest a modest remedy."
cb831c750a69,PB7,None,PB7,"The abstract focuses on the conservation and awareness raising for threatened species through the use of extinct species as flagships. This involves aspects of biodiversity, habitat loss, and human impact on ecosystems but does not explicitly mention any terms or concepts related to the core definitions of the Planetary Boundaries (PBs) listed above. The closest PB in context would be PB7 due to its focus on biosphere integrity and biodiversity, yet there are no explicit references to genetic diversity, species decline, ecosystem functioning, or habitat conversion that would activate this boundary according to the UPV context and activation logic.","The abstract focuses on the conservation of threatened species and the use of extinct species as 'flagships' in marketing to prevent further extinction. The core scientific concepts are species extinction, threatened species, and conservation strategies. Comparing this to the Planetary Boundaries: PB7 (Biosphere Integrity) is the only relevant boundary, as its core definition involves human pressure on species diversity and the prevention of species decline. The abstract explicitly mentions 'threatened species', 'extinction', and 'species facing a high risk of extinction', which satisfies the activation logic for PB7. All other PBs (Climate Change, Ocean Acidification, Ozone Depletion, Biogeochemical Flows, Freshwater Use, Land-System Change, Novel Entities, and Aerosol Loading) lack any mention of their respective core drivers or specific environmental indicators.","Despite much effort to promote the conservation and recovery of threatened species, the extent of the current list of threatened vertebrates (. ,species) underscores the need to develop novel communication and marketing tools to raise awareness and funding for their conservation. Although flagship species have been widely used in conser- vation marketing, the flagship role of extinct species has been largely overlooked and the status of lost species is rare- ly associated with the status of extant species facing a high risk of extinction. Some extinct species (e.g. the dodo Raphus cucullatus and the thylacine Thylacinus cynocepha- lus) are cultural and commercial icons and therefore famil- iar, and may appeal to the public as conservation flagships. We propose a wider use of extinct flagships to raise aware- ness for the conservation of threatened species by making a direct link between already extinct species and extant species at risk of extinction. We present examples of publicly recog- nized and iconic extinct species that could be used in mar- keting for the conservation of threatened species. These extinct species are familiar and may be readily linked to threatened species or species groups. We outline a roadmap for testing their appeal under the extinct flagship concept, through market research. If research identifies that a cogni- tive link is made between the fate of an extinct species (i.e. they went extinct from human causes) and what may hap- pen to threatened species (i.e. they are at risk of extinction from human causes), extinct species may well have a wider role to play as conservation flagships."
6adf36ff1a69,"PB2, PB3, PB9",None,PB8,"The abstract discusses the effects of heavy metals on tomato and kidney bean plants under soil pollution stress. It focuses on how natural antioxidants can mitigate these effects, improving plant growth, fruit quality, and reducing heavy metal accumulation in plant organs. However, none of the core definitions or UPV contexts for PB1 (Climate Change), PB2 (Ocean Acidification), PB3 (Stratospheric Ozone Depletion), PB4 (Biogeochemical Flows), PB5 (Freshwater Use), PB6 (Land-System Change), PB7 (Biosphere Integrity), PB8 (Novel Entities), or PB9 (Atmospheric Aerosol Loading) directly align with the primary focus of heavy metal pollution and antioxidant effects on plant health. The closest match might be PB4 due to nutrient cycling, but there is no explicit mention of nitrogen or phosphorus cycles being disrupted by human activity.","The abstract investigates the impact of heavy metals (copper, lead, and manganese) on the growth and quality of tomato and kidney bean plants under soil pollution stress. I evaluated PB8 (Novel Entities) because the study explicitly identifies specific toxic and persistent substances (Pb, Cu, Mn) in an environmental context (soil pollution). While the study is primarily agronomic, the presence of these heavy metals aligns with the PB8 criteria regarding the impact of persistent and toxic substances. I excluded PB4 (Biogeochemical Flows) because, although the study is agricultural, it does not mention nitrogen or phosphorus cycles, nutrient loading, or eutrophication. I excluded PB7 (Biosphere Integrity) because the study focuses on crop yield and plant physiology rather than biodiversity, species loss, or ecosystem integrity. I excluded PB1, PB2, PB3, PB5, PB6, and PB9 as the abstract contains no mention of climate change, ocean acidification, ozone depletion, freshwater quantity, land-cover conversion, or atmospheric aerosols.","Two field and storage experiments were conducted at a private farm near the high ways and Delta company for fertilizers and chemical industries, Talka City, Dakahlia Governorate during the two successive summer seasons of 2009 and 2010 to study the effect of some heavy metals such as copper, lead and manganese by using natural antioxidants substances, i.e., humic acid, vitamin C., vitamin E. and glutathione on tomato (Lycopirsecon esculentum Mill) cv. Alissa and kidney bean (Phaseolus vulgaris L) cv. Giza 3 plants under soil pollution stress. It also aimed to improve the quality and storability of tomato and kidney bean fruits. The most important finding could be summarized as follows: Concerning the effect of the treatments on tomato the obtained results indicate that all natural substances of antioxidant led to significant increases in all vegetative growth parameters compared to the control.  Application of glutathione and vitamin C had a significant effect on plant height, chlorophyll a, chlorophyll b, fresh weight per plant, fruit number per plant and total fruit yield per feddan in both season of this study.  The plant organs (roots, leaves and fruits) for the tomatoes differed in its content from the heavy metals, where the roots contained higher amount of these elements content (Pb, Mn and Cu) than the leaves, while the fruits have the suitable levels of heavy metals content, and that due to the impact of the treatments on the removal of these poisonous elements. Glutathione and vitamin C treatments had a highest significant effect in this respect. The control treatment led to an accumulation of the respective heavy metals content in different plant organs.  All natural substances of antioxidants had a significant increases in quality and storability parameters of tomato fruits, expressed as a reduction in weight loss and decay percent and the preservation of the fruits contents (i.e., acidity, lycopene content, firmness, vitamin C and T.S.S) in comparison with the control of these treatments in both seasons. While, the effect of application of glutathione and vitamin E had a significant effect on most vegetative growth parameters of kidney bean in both seasons of this study.  Glutathione, vitamin C and vitamin E treatments led to significant decrease in heavy metals content (Pb, Mn and Cu) in different plant organs of kidney bean (roots, leaves and fruits) compared to the control treatment in both seasons.  All antioxidant treatments gave significant increases of the fruits quality and improvement storability compared to the control in the two seasons. It could be concluded that application of glutathione, vitamin C and vitamin E as a natural substances of antioxidants to tomato and kidney bean plants indicated that the most effective treatments for improvement quality and storability and alleviate the adverse effects of some heavy metals under soil pollution conditions."
21ecc353ac74,"PB1, PB2, PB3",None,PB7,"The abstract discusses rights-based biodiversity lawsuits and their role in legal challenges for biodiversity protection. The core concepts include biodiversity loss, human rights, and climate change litigation. While the abstract touches on environmental issues such as biodiversity, it does not explicitly mention any of the specific terms or phenomena related to the Planetary Boundaries (PBs) framework outlined above. There is no explicit reference to climate change, ocean acidification, stratospheric ozone depletion, biogeochemical flows, freshwater use, land-system changes, atmospheric aerosol loading, novel entities, or direct impacts on biodiversity integrity beyond a legal context.","The abstract focuses on the legal landscape of 'rights-based biodiversity (RBB) lawsuits' and the framing of 'biodiversity loss' as a rights issue. While the text mentions 'human rights and climate change (HRCC) litigation' as a precedent, it does not discuss the scientific mechanisms of climate change (emissions, warming, or mitigation), meaning PB1 must be excluded based on the strict exclusion rule. However, the abstract explicitly uses the terms 'biodiversity protection' and 'biodiversity loss', which directly activates PB7 (Biosphere Integrity) according to the activation logic, as it addresses the core concept of biodiversity loss and the pressure on biodiversity.","Based on an original database of 49 rights-based biodiversity (RBB) lawsuits ﬁled around the world, this article hypothesizes that rights-based norms and institutions are becoming increas- ingly important in legal challenges aimed at biodiversity protection. We explain retrospect- ively the antecedents and characterize early RBB litigation by constructing a typology of cases and legal arguments that litigants and courts have used to establish the connection between biodiversity and rights protection. We then, prospectively, draw on our RBB case database and the trajectory of human rights and climate change (HRCC) litigation to antici- pate likely trends, opportunities, and obstacles for future RBB cases. We posit that future RBB cases will build on the foundations laid by pioneering RBB cases, will apply lessons from HRCC litigation, and will systematically frame biodiversity loss as a rights issue."
3e5fff353a4c,"PB1, PB5",PB1,None,"The abstract discusses climatic conditions affecting the emergence and flight of mountain pine beetle, which is directly related to climate change impacts on ecosystems. The core definition of PB1 (Climate Change) involves human-driven alteration of the climate system through greenhouse gas emissions and associated warming, with significant implications for ecological systems. While the abstract does not explicitly mention terms like 'greenhouse gases' or 'carbon,' it clearly addresses how climatic changes influence a specific species' behavior, which is within the broader context of PB1's impact on ecosystems.","The abstract focuses on the biological processes (emergence and flight) of the mountain pine beetle in relation to climatic conditions. While 'climatic conditions' are mentioned, PB1 is excluded because the text does not explicitly discuss greenhouse gas emissions, warming, or human-driven climate change impacts, which are required by the exclusion rule. PB7 is excluded because the text does not mention species decline, extinction, or loss of ecosystem integrity, focusing instead on the dispersal of a specific species. PB6 is excluded as there is no mention of land-cover conversion or deforestation.","Draft Climatic conditions for emergence and flight of mountain pine beetle: implications for long-distance dispersal Journal: Canadian Journal of Forest Research Manuscript ID cjfr-2016-0510.R2 Manuscript Type: Article Date Submitted by the Author: 19-Apr-2017 Complete List of Authors: Chen, Huapeng; British Columbia Ministry of Forests Lands and Natural Resource Operations Jackson, Peter; University of Northern British Columbia, Keyword: climate conditions, emergence, long-distance dispersal, mountain pine beetle, outbreak Please Select from this Special Issues list if applicable: N/A https://mc06.manuscriptcentral.com/cjfr-pubs Canadian Journal of Forest Research Draft 1 Climatic conditions for emergence and flight of mountain pine beetle: 1 implications for long-distance dispersal 2 3 Huapeng Chen and Peter L."
f21bc832abc6,"PB1, PB5",PB6,PB7,"The abstract discusses human activity and land use change impacting animal species, focusing on ecological and life history traits that predict success in disturbed environments. The study examines the effects of direct human presence and landscape modification (human footprint) on mammal occurrence and activity levels. While this involves significant anthropogenic disturbances, it does not explicitly mention climate-related terms such as greenhouse gas emissions or warming. It also lacks specific references to ocean acidification, stratospheric ozone depletion, nutrient flows, freshwater use, land-system change beyond general human impact, biodiversity loss, novel entities, atmospheric aerosols, or other PB-specific contexts.","The abstract focuses on the impact of human-induced landscape modification and human presence on mammal species, specifically quantifying 'declines in many animal species' and the 'loss of larger predators.' This directly aligns with the core definition of PB7 (Biosphere Integrity), which concerns human pressure on species diversity and ecosystem functioning. The abstract explicitly mentions species decline and reduced occurrence, which satisfies the activation criteria for PB7. While the abstract mentions 'land use change' (a driver related to PB6), the primary scientific focus and the metrics used (species occurrence, activity levels, and species traits) are centered on the biological response and the impact on species diversity, making PB7 the most precise and scientifically accurate match.","Human activity and land use change impact every landscape on Earth, driving de- clines in many animal species while benefiting others. Species ecological and life his- tory traits may predict success in human-­dominated landscapes such that only species with “winning” combinations of traits will persist in disturbed environments. However, this link between species traits and successful coexistence with humans remains ob- scured by the complexity of anthropogenic disturbances and variability among study systems. We compiled detection data for 24 mammal species from 61 populations across North America to quantify the effects of (1) the direct presence of people and (2) the human footprint (landscape modification) on mammal occurrence and activ- ity levels. Thirty-­three percent of mammal species exhibited a net negative response (i.e., reduced occurrence or activity) to increasing human presence and/or footprint across populations, whereas 58% of species were positively associated with increas- ing disturbance. However, apparent benefits of human presence and footprint tended to decrease or disappear at higher disturbance levels, indicative of thresholds in mam- mal species’ capacity to tolerate disturbance or exploit human-­dominated landscapes. Species ecological and life history traits were strong predictors of their responses to human footprint, with increasing footprint favoring smaller, less carnivorous, faster-­ reproducing species. The positive and negative effects of human presence were dis- tributed more randomly with respect to species trait values, with apparent winners and losers across a range of body sizes and dietary guilds. Differential responses by some species to human presence and human footprint highlight the importance of considering these two forms of human disturbance separately when estimating an- thropogenic impacts on wildlife. Our approach provides insights into the complex mechanisms through which human activities shape mammal communities globally, revealing the drivers of the loss of larger predators in human-­modified landscapes. K E Y W O R D S anthropogenic disturbance, carnivore, conservation, environmental filter, human footprint index, human-­wildlife coexistence, occupancy, traits, ungulate, wildlife"
9e1320ce502d,PB1,PB1,None,"The abstract discusses the use of mesoscale models to forecast hurricane tracks and intensity. While it does not explicitly mention climate change, greenhouse gases, emissions, warming, or mitigation, the study is inherently related to understanding and predicting severe weather events which are influenced by climate patterns. The closest match in terms of scientific context would be PB1 (Climate Change) due to its relevance to atmospheric conditions and extreme weather forecasting.","The abstract focuses exclusively on the evaluation of meteorological model performance (WRF, MM5, HWRF, etc.) regarding the track and intensity of hurricanes. While hurricanes are atmospheric phenomena, the text does not mention greenhouse gas emissions, global warming, or human-driven climate alteration, which are required to activate PB1. Furthermore, there is no mention of aerosols or particulates to activate PB9. The study is a technical assessment of forecasting accuracy and does not address any of the specific drivers or impacts defined in the Planetary Boundaries framework.","A suite of mesoscale models are being used in the present study to examine experimental forecast performance for tracks and intensity of hurricanes covering the years 2004, 2005 and 2006. Fifty-eight storm cases are being considered in the present study. Most of the mesoscale models are being run at a horizontal resolution at around 9 km. This includes the WRF (two versions), MM5, HWRF, GFDL and DSHP. The performances of forecasts are evaluated using absolute errors for storm track and intensity. Our consensus forecasts utilize ensemble mean and a bias corrected ensemble mean for these member models on the mesoscale and the large-scale model suites. Comparing the forecast statistics for the mesoscale suite, the large-scale suite and the combined suite we ﬁnd that the mesoscale suite provided the best track forecasts for 60 and 72 h. However, the forecast from the combined suite of model were also very close to the track errors of the mesoscale at 60 and 72 h. Overall track forecast errors were least for the combined suite. The intensity forecasts of the bias corrected ensemble mean of the mesoscale suite were comparable to DSHP and GFDL at the later part of the forecast periods."
3bbd6f08b6ac,"PB1, PB7",PB1,None,"The abstract discusses global change resulting from population growth, global warming, and land use changes, particularly rapid urbanization. It emphasizes the complexity of water resources management under these conditions, especially in relation to climate destabilization. The concepts of global warming and climate destabilization align closely with PB1's core definition of human-driven alteration of the climate system through greenhouse gas emissions and associated warming.","The abstract focuses on a methodological framework for 'performance-based water resources engineering' and 'water resources management' under changing conditions. I evaluated the following PBs: 1) PB1 (Climate Change): Although 'global warming' and 'climate destabilization' are explicitly mentioned as drivers, the paper's core scientific focus is on water management methodology, not the alteration of the climate system or greenhouse gas emissions. 2) PB5 (Freshwater Use): While the paper discusses 'water resources management' and 'water supply network management' (which are relevant UPV terms), the activation rule for PB5 requires explicit mention of freshwater quantity, withdrawals, depletion, water stress, or environmental flow pressure. The abstract discusses the 'complexity' and 'uncertainty' of management but does not explicitly state that the resource is being depleted or that water stress is the primary driver. 3) PB6 (Land-System Change): The abstract mentions 'land use change' and 'urbanization' as drivers, but it does not explicitly describe the process of land-cover conversion, deforestation, or habitat loss as required by the activation rule. Therefore, no PB meets the strict activation and exclusion criteria.","Global change, that results from population growth, global warming and land use change (especially rapid urbanization), is directly aﬀecting the complexity of water resources management problems and the uncertainty to which they are exposed. Both, the complexity and the uncertainty, are the result of dynamic interactions between multiple system elements within three major systems: (i) the physical environment; (ii) the social environment; and (iii) the constructed infrastructure environment including pipes, roads, bridges, buildings, and other components. Recent trends in dealing with complex water resources systems include consideration of the whole region being aﬀected, explicit incorporation of all costs and beneﬁts, development of a large number of alternative solutions, and the active (early) involvement of all stakeholders in the decision-making. Systems approaches based on simulation, optimization, and multi-objective analyses, in deterministic, stochastic and fuzzy forms, have demonstrated in the last half of last century, a great success in supporting eﬀective water resources management. This paper explores the future opportunities that will utilize advancements in systems theory that might transform management of water resources on a broader scale. The paper presents performance-based water resources engineering as a methodological framework to extend the role of the systems approach in improved sustainable water resources management under changing conditions (with special consideration given to rapid climate destabilization). An illustrative example of a water supply network management under changing conditions is used to convey the basic principles of performance-based water resources engineering methodology."
efb1b08a09c7,"PB1, PB4, PB7",PB1,None,"The abstract discusses the impacts of approximations and assumptions in parameterizing bulk formulas for ocean-atmosphere interactions, focusing on momentum, heat, and freshwater exchanges. This involves climatological data and computational models related to wind stress, turbulent heat flux, and evaporation. While these concepts are closely tied to climate science, they do not explicitly mention greenhouse gas emissions, warming, or mitigation efforts which would be necessary for PB1 activation. However, the closest match is with PB1 due to its relevance to atmospheric and oceanic processes that influence climate change.","The abstract focuses on the sensitivity and error quantification of mathematical parameterizations used to calculate the exchange of momentum, heat, and freshwater between the ocean and the atmosphere. While the paper discusses 'heat flux' and 'evaporation,' it does not mention greenhouse gas emissions, anthropogenic warming, or climate mitigation, which are required to activate PB1. While it mentions 'freshwater' exchange, it refers to the physical flux of moisture between the ocean and atmosphere, not human withdrawal, water scarcity, or irrigation demand, which are required to activate PB5. There is no mention of ocean pH (PB2), nutrient cycles (PB4), land-use change (PB6), biodiversity (PB7), synthetic pollutants (PB8), or atmospheric aerosols (PB9). The paper is a study of model uncertainty in physical processes rather than an analysis of planetary boundary transgressions.","This paper quantiﬁes the impacts of approximations and assumptions in the parameterization of bulk formulas on the exchange of momentum, heat, and freshwater computed between the ocean and atmosphere. An ensemble of sensitivity experiments is examined. Climatologies of wind stress, turbulent heat ﬂux, and evaporation for the period 1982–2014 are computed using SST and surface meteorological state variables from ERA-Interim. Each experiment differs from the deﬁned control experiment in only one aspect of the parameterization of the bulk formulas. The wind stress is most sensitive to the closure used to relate the neutral drag coefﬁcient to the wind speed in the bulk algorithm, which mainly involves the value of the Charnock parameter. The disagreement between the state-of-the-art algorithms examined is typically on the order of 10%. The largest uncertainties in turbulent heat ﬂux and evaporation are also related to the choice of the algorithm (typically 15%) but also emerge in experiments examining approximations related to the surface temperature and saturation humidity. Thus, approximations for the skin temperature and the salt- related reduction of saturation humidity have a substantial impact on the heat ﬂux and evaporation (typically 10%). Approximations such as the use of a ﬁxed air density, sea level pressure, or simpliﬁed formula for the saturation humidity lead to errors no larger than 4% when tested individually. The impacts of these ap- proximations combine linearly when implemented together, yielding errors up to 20% over mid- and subpolar latitudes."
